,weight
development,0.054483184498161634
housing,0.045402653748468025
project,0.024318314284265844
apartment,0.0206735686823722
developers,0.0206735686823722
city,0.018652238078626305
residents,0.018274851894887242
apartments,0.01816106149938721
walsh,0.016591984211183547
councilor,0.01550517651177915
fairmount,0.013620796124540408
needs,0.013620796124540408
building,0.012698152945476864
anticipate,0.012107374332924808
commuter,0.012107374332924808
fine,0.012107374332924808
priced,0.012107374332924808
neighborhood,0.012107374332924808
build,0.012107374332924808
income,0.012107374332924808
critic,0.012107374332924808
environmental,0.012107374332924808
families,0.010964911136932346
built,0.0103367843411861
mccarthy,0.0103367843411861
however,0.0103367843411861
blocking,0.0103367843411861
corporation,0.0103367843411861
transit,0.0103367843411861
potential,0.0103367843411861
rail,0.0103367843411861
character,0.0103367843411861
lines,0.009080530749693606
reasonably,0.009080530749693606
neighbors,0.009080530749693606
zero,0.008309026149324283
site,0.008106104761421947
best,0.008106104761421947
spoke,0.008106104761421947
area,0.007618891767286119
along,0.007618891767286119
low,0.007309940757954898
set,0.007309940757954898
clean,0.007309940757954898
might,0.006994589279484865
square,0.006636793684473419
district,0.006636793684473419
need,0.006424645762085543
eerily,0.006053687166462404
targeted,0.006053687166462404
adjacent,0.006053687166462404
unconvincing,0.006053687166462404
arguments,0.006053687166462404
listing,0.006053687166462404
architect,0.006053687166462404
rendering,0.006053687166462404
unattractive,0.006053687166462404
codman,0.006053687166462404
luxury,0.006053687166462404
towers,0.006053687166462404
construction,0.006053687166462404
falls,0.006053687166462404
creation,0.006053687166462404
oriented,0.006053687166462404
parlance,0.006053687166462404
congestion,0.006053687166462404
adding,0.006053687166462404
bedroom,0.006053687166462404
case,0.006053687166462404
sensible,0.006053687166462404
abandon,0.006053687166462404
palace,0.006053687166462404
station,0.006053687166462404
winter,0.006053687166462404
voting,0.006053687166462404
petersburg,0.006053687166462404
peevish,0.006053687166462404
view,0.006053687166462404
majority,0.006053687166462404
predicted,0.006053687166462404
residences,0.006053687166462404
underdeveloped,0.006053687166462404
ideal,0.006053687166462404
arise,0.006053687166462404
excited,0.006053687166462404
standard,0.006053687166462404
indicating,0.006053687166462404
seeks,0.006053687166462404
redevelopment,0.006053687166462404
desperately,0.006053687166462404
objections,0.006053687166462404
enjoys,0.006053687166462404
attract,0.006053687166462404
legitimate,0.006053687166462404
vicinity,0.006053687166462404
proposing,0.006053687166462404
units,0.006053687166462404
crummy,0.006053687166462404
tenants,0.006053687166462404
incomes,0.006053687166462404
rents,0.006053687166462404
supporters,0.006053687166462404
hoped,0.006053687166462404
arrival,0.006053687166462404
spur,0.006053687166462404
drawing,0.006053687166462404
improvements,0.006053687166462404
districts,0.006053687166462404
squares,0.006053687166462404
gripes,0.006053687166462404
experts,0.006053687166462404
speaker,0.006053687166462404
pets,0.006053687166462404
alienating,0.006053687166462404
nimby,0.006053687166462404
successfully,0.006053687166462404
mechanisms,0.006053687166462404
chemical,0.006053687166462404
intrinsic,0.006053687166462404
engineers,0.006053687166462404
polluted,0.006053687166462404
agencies,0.006053687166462404
wheezing,0.006053687166462404
critics,0.006053687166462404
friendly,0.006053687166462404
asthmatic,0.006053687166462404
specter,0.006053687166462404
minded,0.006053687166462404
yards,0.006053687166462404
compliment,0.006053687166462404
rundown,0.006053687166462404
ratios,0.006053687166462404
depicts,0.006053687166462404
land,0.006053687166462404
variances,0.006053687166462404
zoning,0.006053687166462404
attorneys,0.006053687166462404
aggravation,0.006053687166462404
modern,0.006053687166462404
unit,0.00516839217059305
neighborhoods,0.00516839217059305
destitute,0.00516839217059305
earning,0.00516839217059305
cleary,0.00516839217059305
close,0.00516839217059305
proposed,0.00516839217059305
certainly,0.00516839217059305
ok,0.00516839217059305
sort,0.00516839217059305
color,0.00516839217059305
planning,0.00516839217059305
areas,0.00516839217059305
golden,0.00516839217059305
sites,0.00516839217059305
keeping,0.00516839217059305
outraged,0.00516839217059305
plant,0.00516839217059305
pretty,0.00516839217059305
southwest,0.00516839217059305
solid,0.00516839217059305
properties,0.00516839217059305
hurdles,0.00516839217059305
protests,0.00516839217059305
lame,0.00516839217059305
design,0.00516839217059305
meetings,0.00516839217059305
homeless,0.00516839217059305
downtown,0.00516839217059305
nearby,0.00516839217059305
boosting,0.00516839217059305
argue,0.00516839217059305
permits,0.00516839217059305
middle,0.00516839217059305
force,0.00516839217059305
noise,0.00516839217059305
urban,0.00516839217059305
pleasant,0.00516839217059305
checked,0.00516839217059305
precisely,0.00516839217059305
solely,0.00516839217059305
unusual,0.00516839217059305
stressed,0.00516839217059305
affordable,0.00516839217059305
mayor,0.004663059519656576
right,0.004663059519656576
bad,0.004540265374846803
turn,0.004540265374846803
dorchester,0.004540265374846803
policy,0.004540265374846803
succeed,0.004540265374846803
traffic,0.004540265374846803
full,0.004540265374846803
projects,0.004540265374846803
shocked,0.004540265374846803
lots,0.004540265374846803
nonprofit,0.004540265374846803
logan,0.004540265374846803
neponset,0.004540265374846803
timothy,0.004540265374846803
code,0.004540265374846803
aside,0.004540265374846803
bed,0.004540265374846803
tuesday,0.004540265374846803
authority,0.004540265374846803
cool,0.004540265374846803
mattapan,0.004540265374846803
st,0.004540265374846803
needed,0.004540265374846803
safety,0.004540265374846803
location,0.004540265374846803
issue,0.004540265374846803
size,0.004540265374846803
jump,0.004540265374846803
would,0.004090539841063436
share,0.004053052380710974
section,0.004053052380710974
usually,0.004053052380710974
support,0.004053052380710974
raised,0.004053052380710974
example,0.004053052380710974
approval,0.004053052380710974
current,0.004053052380710974
couple,0.004053052380710974
river,0.004053052380710974
relationship,0.004053052380710974
floor,0.004053052380710974
change,0.004053052380710974
decades,0.004053052380710974
new,0.003678720219007017
political,0.003654970378977449
hearing,0.003654970378977449
minutes,0.003654970378977449
minority,0.003654970378977449
feet,0.003654970378977449
stepped,0.003654970378977449
gets,0.003654970378977449
often,0.003654970378977449
process,0.003654970378977449
use,0.003654970378977449
hall,0.003654970378977449
idea,0.003654970378977449
woman,0.003654970378977449
industrial,0.003654970378977449
boston,0.0036052585902901398
really,0.0033183968422367096
point,0.0033183968422367096
within,0.0033183968422367096
kids,0.0033183968422367096
described,0.0033183968422367096
others,0.0033183968422367096
sure,0.0033183968422367096
hope,0.0033183968422367096
plan,0.0033183968422367096
per,0.0033183968422367096
line,0.0033183968422367096
without,0.003308671186452037
twenty,0.0030786263924393164
lot,0.003026843583231202
staff,0.003026843583231202
nothing,0.003026843583231202
black,0.003026843583231202
private,0.003026843583231202
raise,0.003026843583231202
administration,0.003026843583231202
story,0.003026843583231202
taken,0.003026843583231202
living,0.003026843583231202
quiet,0.003026843583231202
people,0.002884206872232112
working,0.0027696753831080944
become,0.0027696753831080944
former,0.0027696753831080944
ago,0.0027696753831080944
part,0.002539630589095373
well,0.002539630589095373
month,0.002539630589095373
man,0.002539630589095373
night,0.002331529759828288
high,0.002331529759828288
house,0.002331529759828288
come,0.002331529759828288
came,0.002331529759828288
million,0.002331529759828288
fifty,0.002331529759828288
fall,0.002331529759828288
public,0.0022764057800580178
hundred,0.0021631551541740836
next,0.0021415485873618476
think,0.0021415485873618476
near,0.0021415485873618476
much,0.0021415485873618476
ten,0.001966782850083384
business,0.001966782850083384
five,0.0018393601095035084
make,0.001804975050621109
community,0.001804975050621109
made,0.001804975050621109
good,0.001804975050621109
several,0.0016543355932260185
seven,0.0016543355932260185
still,0.0013810536217107215
another,0.001256253591492493
three,0.0012562535914924927
forty,0.0011382028900290089
said,0.0011128757868694153
four,0.0009196800547517542
one,0.0009067221169355656
state,0.0008181079682126871
thousand,0.0008181079682126871
thirty,0.0008181079682126871
also,0.000721051718058028
year,0.0006281267957462464
two,0.00042274140483125215
dark,0.0
affect,0.0
push,0.0
recover,0.0
hovered,0.0
understood,0.0
tolerance,0.0
sorority,0.0
cloud,0.0
deeply,0.0
travel,0.0
brookline,0.0
voice,0.0
passionate,0.0
smart,0.0
demands,0.0
popular,0.0
moon,0.0
anticipated,0.0
equality,0.0
cutting,0.0
tradition,0.0
significance,0.0
harmony,0.0
articles,0.0
neil,0.0
modernist,0.0
provincetown,0.0
paintings,0.0
equity,0.0
armstrong,0.0
controversial,0.0
interfaith,0.0
artist,0.0
residential,0.0
looks,0.0
comfortable,0.0
actively,0.0
fought,0.0
strain,0.0
fear,0.0
especially,0.0
graduation,0.0
hungry,0.0
bigger,0.0
supervisory,0.0
roles,0.0
nwhen,0.0
frame,0.0
certificates,0.0
dan,0.0
hang,0.0
husband,0.0
prepare,0.0
elusive,0.0
prove,0.0
flunked,0.0
hospitality,0.0
bunker,0.0
frustrated,0.0
awakening,0.0
observed,0.0
outspoken,0.0
reemerge,0.0
justice,0.0
guard,0.0
sudden,0.0
covenant,0.0
tallied,0.0
sign,0.0
flaws,0.0
fully,0.0
idiot,0.0
conciliation,0.0
indeed,0.0
limited,0.0
price,0.0
fresh,0.0
reason,0.0
dean,0.0
plus,0.0
beneath,0.0
disgusted,0.0
whisked,0.0
letter,0.0
seniors,0.0
kinds,0.0
encounter,0.0
30s,0.0
live,0.0
belong,0.0
churches,0.0
forcefully,0.0
willed,0.0
silver,0.0
prepared,0.0
function,0.0
quietly,0.0
diversity,0.0
true,0.0
enjoyed,0.0
trip,0.0
bermuda,0.0
prom,0.0
walk,0.0
green,0.0
injustice,0.0
yearbook,0.0
lasting,0.0
lecture,0.0
boy,0.0
fishermen,0.0
alone,0.0
backfired,0.0
tense,0.0
hallways,0.0
insisted,0.0
pride,0.0
stubborn,0.0
accidentally,0.0
meek,0.0
sensitive,0.0
opened,0.0
slammed,0.0
doors,0.0
forth,0.0
thinks,0.0
steaming,0.0
intentions,0.0
gas,0.0
urgency,0.0
misunderstood,0.0
stupid,0.0
girls,0.0
waving,0.0
curb,0.0
feared,0.0
picking,0.0
threatened,0.0
sedan,0.0
damage,0.0
dom,0.0
proper,0.0
dimare,0.0
momentum,0.0
hated,0.0
labeled,0.0
struggles,0.0
anyway,0.0
nerve,0.0
semesters,0.0
appealing,0.0
decision,0.0
argued,0.0
tension,0.0
denied,0.0
backto,0.0
kicked,0.0
humiliated,0.0
reeling,0.0
self,0.0
confidence,0.0
gradually,0.0
entirely,0.0
integrate,0.0
partied,0.0
grades,0.0
shock,0.0
waves,0.0
buckled,0.0
preparation,0.0
petition,0.0
arc,0.0
broken,0.0
outdoors,0.0
strife,0.0
derailed,0.0
costing,0.0
privately,0.0
clear,0.0
study,0.0
habits,0.0
guidance,0.0
counselor,0.0
pursue,0.0
forestry,0.0
appeal,0.0
heavy,0.0
stigma,0.0
load,0.0
steered,0.0
botany,0.0
chemistry,0.0
typing,0.0
balance,0.0
epithets,0.0
target,0.0
unprepared,0.0
considered,0.0
questioning,0.0
antibusing,0.0
halter,0.0
institutions,0.0
cranberry,0.0
data,0.0
blodgett,0.0
beyond,0.0
detail,0.0
prompted,0.0
sought,0.0
unrelated,0.0
bail,0.0
pending,0.0
probable,0.0
itching,0.0
biotech,0.0
launched,0.0
initial,0.0
offerings,0.0
technology,0.0
lawyer,0.0
ventures,0.0
anxious,0.0
ipo,0.0
nand,0.0
banks,0.0
unusually,0.0
collection,0.0
papers,0.0
stated,0.0
intention,0.0
stock,0.0
exist,0.0
serve,0.0
deposits,0.0
jonathan,0.0
amesbury,0.0
arts,0.0
reflection,0.0
venue,0.0
promises,0.0
painting,0.0
access,0.0
robert,0.0
reich,0.0
labor,0.0
secretary,0.0
sits,0.0
rebuild,0.0
jobless,0.0
restore,0.0
shared,0.0
demeaned,0.0
deferred,0.0
essex,0.0
maintenance,0.0
democracy,0.0
pleaded,0.0
guilty,0.0
accessory,0.0
reginald,0.0
cummings,0.0
entered,0.0
plea,0.0
fact,0.0
murder,0.0
count,0.0
disinterring,0.0
connection,0.0
tech,0.0
revolution,0.0
boomlet,0.0
extend,0.0
suggests,0.0
strong,0.0
loan,0.0
signal,0.0
banker,0.0
ncould,0.0
mandated,0.0
diagnostic,0.0
codes,0.0
stranger,0.0
icd,0.0
complaining,0.0
implement,0.0
representatives,0.0
implementation,0.0
nbeverly,0.0
date,0.0
senate,0.0
rare,0.0
bites,0.0
parrots,0.0
inducing,0.0
collisions,0.0
spacecraft,0.0
generated,0.0
writers,0.0
sampling,0.0
v91,0.0
07xa,0.0
burn,0.0
forming,0.0
remain,0.0
encouraging,0.0
banking,0.0
latest,0.0
rolling,0.0
market,0.0
operates,0.0
worth,0.0
assets,0.0
melrose,0.0
pilgrim,0.0
cohasset,0.0
considerably,0.0
east,0.0
interest,0.0
hills,0.0
century,0.0
preparing,0.0
ipos,0.0
simply,0.0
competitive,0.0
tells,0.0
bankers,0.0
opportunity,0.0
sell,0.0
familiar,0.0
crop,0.0
gladly,0.0
modest,0.0
bet,0.0
acquired,0.0
larger,0.0
entertainment,0.0
develop,0.0
pickers,0.0
calledâ€”,0.0
parks,0.0
train,0.0
stations,0.0
dams,0.0
developments,0.0
roadways,0.0
structures,0.0
johnny,0.0
boyhood,0.0
arkansas,0.0
alert,0.0
ronald,0.0
reagan,0.0
washington,0.0
effort,0.0
constructing,0.0
preserve,0.0
civic,0.0
impulse,0.0
undergirding,0.0
quick,0.0
scroll,0.0
locates,0.0
truss,0.0
farwell,0.0
waltham,0.0
golf,0.0
observation,0.0
tower,0.0
mccormack,0.0
bridges,0.0
addition,0.0
impresario,0.0
somerville,0.0
americans,0.0
moffett,0.0
lean,0.0
depression,0.0
progress,0.0
commissioned,0.0
produce,0.0
patriotic,0.0
artwork,0.0
wpa,0.0
mural,0.0
skirmish,0.0
british,0.0
colonists,0.0
revolutionary,0.0
sculpture,0.0
depicting,0.0
clash,0.0
ignite,0.0
graces,0.0
union,0.0
patrimony,0.0
realm,0.0
deal,0.0
supported,0.0
tens,0.0
artists,0.0
funding,0.0
murals,0.0
pieces,0.0
offices,0.0
arlington,0.0
idle,0.0
streetlights,0.0
restoration,0.0
hardware,0.0
traveled,0.0
revered,0.0
belonged,0.0
swimming,0.0
pools,0.0
privatized,0.0
adopt,0.0
highways,0.0
taxpayers,0.0
maintain,0.0
rely,0.0
roads,0.0
disdain,0.0
modernized,0.0
intervention,0.0
evident,0.0
reception,0.0
rather,0.0
tentative,0.0
stimulus,0.0
punchline,0.0
postal,0.0
embarks,0.0
liquidation,0.0
reduce,0.0
billion,0.0
deficit,0.0
purchased,0.0
conn,0.0
greenwich,0.0
game,0.0
interiors,0.0
infrastructure,0.0
ready,0.0
recovery,0.0
sturdily,0.0
architecturally,0.0
grandeur,0.0
stripped,0.0
deco,0.0
simple,0.0
cabins,0.0
creatively,0.0
natural,0.0
materials,0.0
blend,0.0
artifacts,0.0
classmates,0.0
courthouses,0.0
waterworks,0.0
commanded,0.0
craftsmanship,0.0
reflected,0.0
seem,0.0
repair,0.0
crumbling,0.0
demolition,0.0
facades,0.0
register,0.0
places,0.0
altered,0.0
protest,0.0
foolish,0.0
contours,0.0
list,0.0
ride,0.0
locations,0.0
special,0.0
parkman,0.0
kenmore,0.0
fenway,0.0
dudley,0.0
grove,0.0
geneva,0.0
library,0.0
finally,0.0
received,0.0
inquiring,0.0
attending,0.0
address,0.0
procession,0.0
drew,0.0
crowd,0.0
congress,0.0
scores,0.0
businesspeople,0.0
lengthy,0.0
praising,0.0
tommy,0.0
characterized,0.0
doubt,0.0
finest,0.0
mayors,0.0
nation,0.0
official,0.0
lead,0.0
cross,0.0
signed,0.0
crackerjack,0.0
chuckle,0.0
gothic,0.0
style,0.0
graceful,0.0
spire,0.0
baptized,0.0
accommodate,0.0
sanctuary,0.0
basement,0.0
chapel,0.0
emphatic,0.0
speakers,0.0
fulfilling,0.0
wishes,0.0
fit,0.0
holy,0.0
specifically,0.0
tommenino,0.0
org,0.0
created,0.0
chesterfield,0.0
gormley,0.0
handling,0.0
though,0.0
emotional,0.0
lie,0.0
indications,0.0
likely,0.0
visit,0.0
cathedral,0.0
memorials,0.0
condolence,0.0
tiny,0.0
marched,0.0
flew,0.0
honky,0.0
bitch,0.0
maiden,0.0
aylward,0.0
response,0.0
grit,0.0
teeth,0.0
heckling,0.0
unsettling,0.0
felt,0.0
confirmed,0.0
spit,0.0
incensed,0.0
tried,0.0
jeers,0.0
yelled,0.0
crazy,0.0
yelling,0.0
louder,0.0
approached,0.0
amused,0.0
moxie,0.0
heeded,0.0
pleas,0.0
halted,0.0
steps,0.0
stomped,0.0
photographer,0.0
image,0.0
insults,0.0
sidewalk,0.0
books,0.0
followed,0.0
libraries,0.0
letters,0.0
bay,0.0
rerouted,0.0
busing,0.0
polarized,0.0
marsha,0.0
joan,0.0
galvin,0.0
lonely,0.0
nby,0.0
scott,0.0
helman,0.0
neach,0.0
routine,0.0
integrated,0.0
senior,0.0
block,0.0
gantlet,0.0
buses,0.0
arriving,0.0
lined,0.0
wall,0.0
newcomers,0.0
peering,0.0
girl,0.0
adversary,0.0
versus,0.0
climate,0.0
newly,0.0
melancholic,0.0
joyce,0.0
surprise,0.0
gay,0.0
bowdoin,0.0
dying,0.0
malapropisms,0.0
mocking,0.0
bother,0.0
bullies,0.0
mock,0.0
laugh,0.0
insecurities,0.0
drove,0.0
directions,0.0
direction,0.0
enormous,0.0
empathy,0.0
ostracized,0.0
shoulders,0.0
verbally,0.0
physically,0.0
abused,0.0
monitor,0.0
desegregation,0.0
1970s,0.0
detested,0.0
racists,0.0
racism,0.0
edge,0.0
fringe,0.0
beacon,0.0
regrets,0.0
mine,0.0
fringes,0.0
chips,0.0
parish,0.0
communal,0.0
waitressing,0.0
replied,0.0
kindness,0.0
ahead,0.0
forget,0.0
sorry,0.0
wished,0.0
chance,0.0
spend,0.0
deserved,0.0
likelihood,0.0
nay,0.0
certainty,0.0
unleash,0.0
grieving,0.0
irishman,0.0
absolutely,0.0
bouts,0.0
hagiography,0.0
saint,0.0
sometimes,0.0
vindictive,0.0
feud,0.0
developer,0.0
chiofaro,0.0
positively,0.0
italian,0.0
heritage,0.0
act,0.0
balanced,0.0
stage,0.0
cambridge,0.0
dot,0.0
heck,0.0
anka,0.0
dinner,0.0
joe,0.0
greene,0.0
west,0.0
centre,0.0
roxbury,0.0
encouraged,0.0
sid,0.0
vicious,0.0
fork,0.0
attention,0.0
veal,0.0
tilted,0.0
countless,0.0
sinatra,0.0
bid,0.0
farewell,0.0
decides,0.0
unambiguous,0.0
fairview,0.0
attendees,0.0
vice,0.0
biden,0.0
attend,0.0
announced,0.0
obama,0.0
hillary,0.0
rodham,0.0
toughest,0.0
version,0.0
thanks,0.0
memoir,0.0
events,0.0
jack,0.0
beatty,0.0
elected,0.0
separated,0.0
stereotypes,0.0
guessing,0.0
resonated,0.0
credibility,0.0
central,0.0
rap,0.0
irony,0.0
debate,0.0
mayoral,0.0
candidate,0.0
meetinghouse,0.0
doctors,0.0
remembered,0.0
candidates,0.0
rosaria,0.0
salerno,0.0
moved,0.0
nudging,0.0
fell,0.0
coulda,0.0
book,0.0
stop,0.0
classic,0.0
marathon,0.0
bombs,0.0
advice,0.0
suited,0.0
era,0.0
assumptions,0.0
hop,0.0
w56,0.0
blame,0.0
relationships,0.0
unsustainable,0.0
changed,0.0
nit,0.0
ritual,0.0
dad,0.0
stealing,0.0
workday,0.0
al,0.0
pull,0.0
pontiac,0.0
bonneville,0.0
hy,0.0
fight,0.0
spa,0.0
convenience,0.0
eagerly,0.0
fill,0.0
packs,0.0
camels,0.0
tool,0.0
die,0.0
carr,0.0
trw,0.0
merged,0.0
factories,0.0
newton,0.0
siblings,0.0
accounting,0.0
exasperated,0.0
prized,0.0
sight,0.0
bathrooms,0.0
meant,0.0
limiting,0.0
liquids,0.0
breakfast,0.0
teachers,0.0
openly,0.0
hostile,0.0
threats,0.0
rocks,0.0
thrown,0.0
occasion,0.0
football,0.0
player,0.0
biracial,0.0
remembers,0.0
badly,0.0
shaken,0.0
anthony,0.0
squad,0.0
effigy,0.0
ape,0.0
hung,0.0
porch,0.0
lena,0.0
taylor,0.0
stationed,0.0
gail,0.0
reilly,0.0
english,0.0
newspaper,0.0
flashlight,0.0
perfectly,0.0
faster,0.0
grow,0.0
studious,0.0
organization,0.0
pie,0.0
eating,0.0
contests,0.0
dances,0.0
hosted,0.0
played,0.0
bobby,0.0
sherman,0.0
soda,0.0
popcorn,0.0
grocery,0.0
clubs,0.0
epithet,0.0
bowling,0.0
schooler,0.0
taste,0.0
enjoy,0.0
soak,0.0
rays,0.0
showed,0.0
irate,0.0
lining,0.0
metropolitan,0.0
rancor,0.0
arrived,0.0
turning,0.0
upside,0.0
contemptible,0.0
either,0.0
tinkered,0.0
bell,0.0
carport,0.0
gear,0.0
oil,0.0
older,0.0
sister,0.0
enforced,0.0
homework,0.0
rules,0.0
frenetic,0.0
established,0.0
rule,0.0
silence,0.0
oven,0.0
timer,0.0
rented,0.0
accepting,0.0
mid,0.0
1960s,0.0
michele,0.0
asian,0.0
birthday,0.0
parties,0.0
kissed,0.0
whomever,0.0
spin,0.0
aware,0.0
prejudice,0.0
flight,0.0
troubled,0.0
understand,0.0
avoided,0.0
speed,0.0
wore,0.0
club,0.0
adrift,0.0
nprior,0.0
different,0.0
cultures,0.0
racial,0.0
largely,0.0
pushed,0.0
opposing,0.0
sides,0.0
animosity,0.0
flowed,0.0
bridge,0.0
broke,0.0
welcome,0.0
headmaster,0.0
horribly,0.0
ruth,0.0
teaching,0.0
nestled,0.0
dedham,0.0
milton,0.0
southernmost,0.0
suburban,0.0
trees,0.0
space,0.0
relatively,0.0
heterogeneous,0.0
ones,0.0
transition,0.0
heavily,0.0
disrupted,0.0
isolation,0.0
flee,0.0
hardening,0.0
race,0.0
violence,0.0
hair,0.0
trigger,0.0
fitting,0.0
snapshot,0.0
fraught,0.0
photograph,0.0
seventeen,0.0
proud,0.0
eighths,0.0
irish,0.0
shrink,0.0
provocation,0.0
divide,0.0
relative,0.0
nhating,0.0
appalled,0.0
opposite,0.0
u200a,0.0
equally,0.0
directed,0.0
huge,0.0
wrong,0.0
rejection,0.0
extremes,0.0
caught,0.0
seemingly,0.0
sense,0.0
confusion,0.0
african,0.0
teenagers,0.0
composed,0.0
sargent,0.0
accused,0.0
assaulting,0.0
crowley,0.0
melee,0.0
corridor,0.0
recall,0.0
classrooms,0.0
stephanie,0.0
damata,0.0
entire,0.0
member,0.0
tactical,0.0
flooded,0.0
francis,0.0
guardsmen,0.0
thepercentage,0.0
kevin,0.0
objection,0.0
municipal,0.0
magnetometer,0.0
borrowed,0.0
united,0.0
scan,0.0
coming,0.0
ultimately,0.0
peace,0.0
trouble,0.0
seams,0.0
lunch,0.0
coat,0.0
warrant,0.0
arrest,0.0
jibes,0.0
carney,0.0
garrity,0.0
comparison,0.0
rolled,0.0
coexist,0.0
peacefully,0.0
closed,0.0
unrest,0.0
persisted,0.0
september,0.0
bringing,0.0
hundreds,0.0
smoldering,0.0
resentments,0.0
flared,0.0
ugly,0.0
tinderbox,0.0
adelaide,0.0
williams,0.0
teacher,0.0
ending,0.0
struck,0.0
locker,0.0
sept,0.0
historic,0.0
catalog,0.0
aggression,0.0
stoned,0.0
ambulances,0.0
ferrying,0.0
skis,0.0
alvarez,0.0
21xd,0.0
excelled,0.0
sank,0.0
listened,0.0
struggle,0.0
delivery,0.0
diction,0.0
assignment,0.0
worst,0.0
dana,0.0
instructed,0.0
session,0.0
saturdays,0.0
consecutive,0.0
spotlight,0.0
perennial,0.0
understandable,0.0
hopeful,0.0
pronunciation,0.0
learn,0.0
pronounce,0.0
slowly,0.0
notice,0.0
slalomed,0.0
opera,0.0
pleased,0.0
reconnected,0.0
evolve,0.0
improbably,0.0
legendary,0.0
saddened,0.0
diagnosis,0.0
sadness,0.0
lawyers,0.0
colleagues,0.0
convention,0.0
demise,0.0
survive,0.0
happens,0.0
hurts,0.0
draw,0.0
hurting,0.0
otherwise,0.0
merge,0.0
converts,0.0
acquisition,0.0
conversion,0.0
erhlich,0.0
inventory,0.0
flurry,0.0
spell,0.0
financially,0.0
petrified,0.0
forecasted,0.0
adaptable,0.0
rainy,0.0
aim,0.0
calculated,0.0
surmount,0.0
hurdle,0.0
council,0.0
audiences,0.0
instructor,0.0
catherine,0.0
krupnick,0.0
lab,0.0
danforth,0.0
magnified,0.0
farber,0.0
creamy,0.0
attempt,0.0
remind,0.0
seats,0.0
democrats,0.0
flags,0.0
curtain,0.0
nstanding,0.0
blocked,0.0
mumbling,0.0
introduced,0.0
clark,0.0
katherine,0.0
wrest,0.0
aims,0.0
israel,0.0
midterms,0.0
polls,0.0
noon,0.0
corp,0.0
slogan,0.0
succeeds,0.0
theme,0.0
carried,0.0
championing,0.0
kennedy,0.0
cents,0.0
dollar,0.0
latino,0.0
gap,0.0
latinos,0.0
hispanic,0.0
iii,0.0
hotel,0.0
intercontinental,0.0
tea,0.0
warm,0.0
extent,0.0
nancy,0.0
pelosi,0.0
rode,0.0
purple,0.0
bolster,0.0
champion,0.0
agenda,0.0
equal,0.0
tour,0.0
representative,0.0
tierney,0.0
delegation,0.0
greeted,0.0
cheering,0.0
headline,0.0
democratic,0.0
hub,0.0
sending,0.0
republicans,0.0
key,0.0
bread,0.0
butter,0.0
poverty,0.0
geared,0.0
unseated,0.0
booked,0.0
glowingly,0.0
congressman,0.0
knows,0.0
recession,0.0
crisis,0.0
aftermath,0.0
parmesan,0.0
specials,0.0
appetizer,0.0
salads,0.0
rendition,0.0
light,0.0
basil,0.0
marzano,0.0
acquire,0.0
san,0.0
margherita,0.0
crown,0.0
meatballs,0.0
olives,0.0
onions,0.0
dish,0.0
roasted,0.0
shaved,0.0
chioggia,0.0
red,0.0
herb,0.0
buttermilk,0.0
dressing,0.0
crostini,0.0
saute,0.0
dandelion,0.0
blended,0.0
slivered,0.0
grapes,0.0
chickpeas,0.0
topped,0.0
grated,0.0
caramelized,0.0
ricotta,0.0
intoxicating,0.0
textures,0.0
spinach,0.0
pistachios,0.0
layered,0.0
mozzarella,0.0
cooked,0.0
mound,0.0
arugula,0.0
drizzle,0.0
lemon,0.0
vinaigrette,0.0
goes,0.0
warms,0.0
greens,0.0
combination,0.0
delicious,0.0
smell,0.0
finely,0.0
flour,0.0
imports,0.0
mill,0.0
northern,0.0
italy,0.0
flavor,0.0
mushrooms,0.0
garlic,0.0
smoked,0.0
truffle,0.0
earthy,0.0
fragrance,0.0
fills,0.0
cheese,0.0
falmouth,0.0
renowned,0.0
inc,0.0
moot,0.0
consultant,0.0
period,0.0
quarter,0.0
quarters,0.0
mutually,0.0
benefit,0.0
depositors,0.0
terms,0.0
increasing,0.0
lending,0.0
introducing,0.0
danversbank,0.0
traded,0.0
bottomley,0.0
thin,0.0
compensation,0.0
canceling,0.0
unexercised,0.0
shares,0.0
filings,0.0
mutual,0.0
kenneth,0.0
ehrlich,0.0
cochairman,0.0
practice,0.0
nutter,0.0
mcclennen,0.0
fish,0.0
invest,0.0
suzanne,0.0
margins,0.0
le,0.0
pies,0.0
cirque,0.0
trained,0.0
america,0.0
gordon,0.0
ramsay,0.0
claridge,0.0
london,0.0
stints,0.0
pigalle,0.0
lumiere,0.0
dining,0.0
yacht,0.0
coast,0.0
married,0.0
seasons,0.0
clearly,0.0
launch,0.0
cotney,0.0
expects,0.0
convert,0.0
ownership,0.0
nblue,0.0
rush,0.0
tough,0.0
facing,0.0
complying,0.0
investing,0.0
online,0.0
forte,0.0
evolution,0.0
reforms,0.0
statistics,0.0
past,0.0
occupants,0.0
continues,0.0
explains,0.0
invite,0.0
neleanor,0.0
film,0.0
ambience,0.0
wedgewood,0.0
bays,0.0
blocks,0.0
pile,0.0
fireplaces,0.0
circa,0.0
shingled,0.0
crafts,0.0
cookies,0.0
served,0.0
hubbard,0.0
featuring,0.0
cooks,0.0
booklet,0.0
compiled,0.0
granddaughter,0.0
lindsley,0.0
basis,0.0
reserve,0.0
guarantees,0.0
admittance,0.0
teatime,0.0
guides,0.0
transformed,0.0
hostess,0.0
fdr,0.0
stretcher,0.0
polio,0.0
guide,0.0
visitation,0.0
springs,0.0
ga,0.0
guests,0.0
estimated,0.0
wildly,0.0
cottages,0.0
educational,0.0
conferences,0.0
hardly,0.0
ninth,0.0
islander,0.0
theresa,0.0
mitchell,0.0
reveals,0.0
stricken,0.0
intrigue,0.0
cherished,0.0
original,0.0
nas,0.0
idyllic,0.0
summers,0.0
sailing,0.0
enthusiasm,0.0
sardine,0.0
sized,0.0
seaman,0.0
adult,0.0
retreated,0.0
beloved,0.0
rights,0.0
civil,0.0
wealthy,0.0
innkeeper,0.0
stone,0.0
fireplace,0.0
log,0.0
atmosphere,0.0
terrific,0.0
sleep,0.0
choice,0.0
owen,0.0
inn,0.0
gallery,0.0
welshpool,0.0
bath,0.0
colonial,0.0
watercolor,0.0
morrell,0.0
eagles,0.0
easternmost,0.0
restaurants,0.0
lobster,0.0
wharf,0.0
suites,0.0
seafood,0.0
fishery,0.0
stops,0.0
monica,0.0
chocolates,0.0
cucumber,0.0
quoddy,0.0
nall,0.0
primed,0.0
fireside,0.0
seals,0.0
wandering,0.0
pick,0.0
friar,0.0
leads,0.0
views,0.0
cove,0.0
depending,0.0
tide,0.0
stacked,0.0
rock,0.0
rises,0.0
hike,0.0
scenic,0.0
overlooks,0.0
bog,0.0
walks,0.0
trail,0.0
excursions,0.0
map,0.0
keen,0.0
lighthouses,0.0
luck,0.0
mulholland,0.0
museum,0.0
harbour,0.0
lightstation,0.0
whale,0.0
binoculars,0.0
godzilla,0.0
minke,0.0
breeching,0.0
outfitters,0.0
bump,0.0
islets,0.0
citing,0.0
cerro,0.0
shuttle,0.0
rental,0.0
jetblue,0.0
via,0.0
wedding,0.0
virginia,0.0
pasqualino,0.0
piney,0.0
disruptive,0.0
proven,0.0
inbound,0.0
delayed,0.0
outbound,0.0
brelis,0.0
initially,0.0
faced,0.0
grim,0.0
stranded,0.0
passengers,0.0
zombies,0.0
campobello,0.0
harbor,0.0
roosevelt,0.0
visitors,0.0
quips,0.0
spokesperson,0.0
vern,0.0
mckimmey,0.0
funded,0.0
canada,0.0
brunswick,0.0
nairport,0.0
higher,0.0
flights,0.0
narrowly,0.0
cousin,0.0
maria,0.0
shriver,0.0
establish,0.0
paycheck,0.0
fairness,0.0
punches,0.0
ensuring,0.0
ian,0.0
peddling,0.0
phony,0.0
focused,0.0
solutions,0.0
mounting,0.0
incumbent,0.0
itineraries,0.0
underpaid,0.0
szold,0.0
surprising,0.0
skipped,0.0
loren,0.0
soltani,0.0
thirds,0.0
salary,0.0
packages,0.0
counterparts,0.0
marine,0.0
caused,0.0
disturbances,0.0
travelers,0.0
province,0.0
canadian,0.0
soil,0.0
highlights,0.0
friendship,0.0
countries,0.0
cake,0.0
celebrate,0.0
pbs,0.0
documentary,0.0
series,0.0
acclaimed,0.0
filmmaker,0.0
ken,0.0
burns,0.0
roosevelts,0.0
premiere,0.0
segments,0.0
theodore,0.0
treaty,0.0
eleanor,0.0
influential,0.0
nan,0.0
production,0.0
filmed,0.0
results,0.0
eager,0.0
preview,0.0
andrews,0.0
sea,0.0
bangor,0.0
portland,0.0
renewed,0.0
shots,0.0
symbol,0.0
forest,0.0
beaten,0.0
grazing,0.0
path,0.0
canadians,0.0
ferries,0.0
entering,0.0
crossing,0.0
lubec,0.0
passport,0.0
surrounded,0.0
chilly,0.0
waters,0.0
tides,0.0
fundy,0.0
fishing,0.0
village,0.0
whales,0.0
shrouded,0.0
tourists,0.0
acre,0.0
draws,0.0
tours,0.0
delano,0.0
lovely,0.0
memento,0.0
filled,0.0
cottage,0.0
hiking,0.0
rocky,0.0
coves,0.0
ponds,0.0
fog,0.0
sauce,0.0
pesto,0.0
bitten,0.0
celebration,0.0
rotten,0.0
viewers,0.0
ruled,0.0
overflowed,0.0
admiration,0.0
appreciation,0.0
triumph,0.0
hater,0.0
clips,0.0
video,0.0
archival,0.0
homage,0.0
dignitaries,0.0
unstintingly,0.0
politicians,0.0
election,0.0
spot,0.0
stinks,0.0
picked,0.0
opponents,0.0
revolted,0.0
possibly,0.0
vile,0.0
cheats,0.0
greedy,0.0
liars,0.0
haters,0.0
lackeys,0.0
pocket,0.0
stooges,0.0
barack,0.0
praised,0.0
bystanders,0.0
various,0.0
broadcasts,0.0
stem,0.0
foliage,0.0
unlike,0.0
ambassadors,0.0
happenstance,0.0
closing,0.0
campaigns,0.0
outcomes,0.0
unplanned,0.0
juxtaposition,0.0
illustrated,0.0
vividly,0.0
resort,0.0
newcomer,0.0
concluded,0.0
repose,0.0
hero,0.0
mythic,0.0
proportions,0.0
superstar,0.0
goodness,0.0
unbounded,0.0
shortcomings,0.0
nonexistent,0.0
nhours,0.0
coverage,0.0
reporters,0.0
camera,0.0
crews,0.0
lain,0.0
tisei,0.0
seth,0.0
pistachio,0.0
rest,0.0
carty,0.0
ann,0.0
cortege,0.0
hearse,0.0
mention,0.0
anchor,0.0
laid,0.0
moulton,0.0
consumed,0.0
insignificance,0.0
shrug,0.0
vs,0.0
attributes,0.0
media,0.0
weakness,0.0
personality,0.0
passion,0.0
culture,0.0
active,0.0
god,0.0
sassy,0.0
molly,0.0
hester,0.0
mechanical,0.0
engineering,0.0
ms,0.0
gaelic,0.0
humor,0.0
pint,0.0
drink,0.0
guinness,0.0
importance,0.0
contrast,0.0
entrust,0.0
revile,0.0
hypocrite,0.0
backed,0.0
billionaires,0.0
wins,0.0
loses,0.0
martha,0.0
coakley,0.0
taxes,0.0
worship,0.0
despise,0.0
extol,0.0
demigods,0.0
accomplish,0.0
crave,0.0
crooks,0.0
bipolar,0.0
aggrandizement,0.0
scandals,0.0
involving,0.0
outpourings,0.0
acclaim,0.0
adoration,0.0
officeholders,0.0
retire,0.0
fulsome,0.0
interspersed,0.0
pre,0.0
attack,0.0
neat,0.0
demonstration,0.0
shrub,0.0
dense,0.0
chewed,0.0
invasive,0.0
lip,0.0
menaces,0.0
hoofed,0.0
cloven,0.0
recreation,0.0
species,0.0
knotweed,0.0
wiggled,0.0
japanese,0.0
bittersweet,0.0
asiatic,0.0
buckthorn,0.0
ivy,0.0
poison,0.0
smacking,0.0
delicacies,0.0
cute,0.0
jessica,0.0
muscaro,0.0
coordinator,0.0
goats,0.0
hairy,0.0
legged,0.0
whackers,0.0
efficient,0.0
herbicides,0.0
loud,0.0
polluting,0.0
machinery,0.0
protected,0.0
solar,0.0
overrun,0.0
acres,0.0
task,0.0
lamancha,0.0
orca,0.0
subsequent,0.0
z63,0.0
leader,0.0
cole,0.0
ambled,0.0
fence,0.0
wide,0.0
stare,0.0
grin,0.0
survey,0.0
domain,0.0
gate,0.0
chester,0.0
goat,0.0
wild,0.0
paintbrush,0.0
tail,0.0
dalia,0.0
alpine,0.0
perky,0.0
ears,0.0
christopher,0.0
gray,0.0
beard,0.0
conjured,0.0
wise,0.0
newest,0.0
disappeared,0.0
brush,0.0
powered,0.0
electric,0.0
touch,0.0
billy,0.0
chopping,0.0
assistant,0.0
pat,0.0
ever,0.0
greenspace,0.0
sheep,0.0
llamas,0.0
burros,0.0
hare,0.0
international,0.0
chicago,0.0
congressional,0.0
fondly,0.0
chased,0.0
child,0.0
consuming,0.0
similarly,0.0
mischievous,0.0
chew,0.0
dug,0.0
dirt,0.0
prompting,0.0
yell,0.0
hey,0.0
climb,0.0
flapped,0.0
chin,0.0
chomped,0.0
leafy,0.0
bush,0.0
chop,0.0
animals,0.0
oils,0.0
pests,0.0
stick,0.0
coats,0.0
digestive,0.0
tracts,0.0
nteenagers,0.0
supplement,0.0
diet,0.0
begin,0.0
pruning,0.0
trails,0.0
cleared,0.0
ecofriendly,0.0
regulate,0.0
overgrowth,0.0
weeds,0.0
plympton,0.0
nutrients,0.0
earth,0.0
tony,0.0
barrows,0.0
alongside,0.0
1990s,0.0
choked,0.0
plants,0.0
jog,0.0
sit,0.0
grants,0.0
provided,0.0
cormier,0.0
goatscaping,0.0
sprite,0.0
soul,0.0
dryly,0.0
cheer,0.0
nboys,0.0
jr,0.0
boch,0.0
ernie,0.0
elks,0.0
donors,0.0
regular,0.0
coordination,0.0
joy,0.0
meaningful,0.0
enjoyable,0.0
coaching,0.0
involvement,0.0
freshman,0.0
participate,0.0
julie,0.0
split,0.0
softball,0.0
plays,0.0
weekly,0.0
formed,0.0
closer,0.0
friendships,0.0
campfire,0.0
outings,0.0
pizza,0.0
marginalized,0.0
relax,0.0
boys,0.0
pumped,0.0
competition,0.0
lussier,0.0
sarah,0.0
related,0.0
satisfied,0.0
dyspraxia,0.0
lacks,0.0
sisters,0.0
wonderful,0.0
tee,0.0
participating,0.0
richardson,0.0
likewise,0.0
misses,0.0
accomplishment,0.0
nanci,0.0
coleman,0.0
advantages,0.0
consisting,0.0
achieve,0.0
volunteers,0.0
accommodating,0.0
discouraged,0.0
klejna,0.0
activities,0.0
compare,0.0
parenting,0.0
epilepsy,0.0
requires,0.0
supervised,0.0
spectator,0.0
breath,0.0
accept,0.0
rejuvenate,0.0
energized,0.0
keeps,0.0
tie,0.0
hyannis,0.0
stefano,0.0
foray,0.0
mobile,0.0
showpiece,0.0
hulking,0.0
tiled,0.0
dome,0.0
shaped,0.0
brick,0.0
bar,0.0
pound,0.0
wood,0.0
cooker,0.0
naples,0.0
handmade,0.0
ferrara,0.0
farmers,0.0
builder,0.0
makers,0.0
worldwide,0.0
bakes,0.0
seconds,0.0
turns,0.0
remarkably,0.0
tender,0.0
chewy,0.0
crust,0.0
beautifully,0.0
charred,0.0
blistered,0.0
ovens,0.0
tooles,0.0
table,0.0
bustling,0.0
tables,0.0
mix,0.0
souvenir,0.0
parlors,0.0
eateries,0.0
barbone,0.0
brooklyn,0.0
jason,0.0
toole,0.0
ali,0.0
designed,0.0
chic,0.0
neapolitan,0.0
pizzeria,0.0
marble,0.0
walls,0.0
eggplant,0.0
rooftop,0.0
provides,0.0
duo,0.0
organic,0.0
herbs,0.0
varieties,0.0
lettuce,0.0
kale,0.0
beets,0.0
carrots,0.0
heirloom,0.0
tomatoes,0.0
dandelions,0.0
radishes,0.0
disorder,0.0
cheered,0.0
possessed,0.0
updates,0.0
expect,0.0
file,0.0
sale,0.0
sec,0.0
capital,0.0
comply,0.0
technologies,0.0
hitting,0.0
innovate,0.0
expansions,0.0
options,0.0
squeezed,0.0
improving,0.0
wanting,0.0
respectively,0.0
completely,0.0
shareholder,0.0
conversions,0.0
attractive,0.0
targets,0.0
acquisitions,0.0
payouts,0.0
shareholders,0.0
top,0.0
directors,0.0
pair,0.0
star,0.0
sunglasses,0.0
hollywood,0.0
mcgonagle,0.0
pitch,0.0
applications,0.0
pretax,0.0
incorporated,0.0
buried,0.0
remarkable,0.0
geek,0.0
effective,0.0
newsworthy,0.0
granted,0.0
longest,0.0
serving,0.0
wield,0.0
celebrity,0.0
mark,0.0
resided,0.0
lay,0.0
altar,0.0
absolution,0.0
merited,0.0
commitment,0.0
page,0.0
beverly,0.0
joining,0.0
announce,0.0
offering,0.0
trustees,0.0
salem,0.0
application,0.0
regulators,0.0
securities,0.0
wheeler,0.0
naccording,0.0
franchise,0.0
maintaining,0.0
swung,0.0
missed,0.0
batter,0.0
teams,0.0
communications,0.0
partly,0.0
regional,0.0
reach,0.0
longevity,0.0
attributed,0.0
connections,0.0
tournaments,0.0
regionally,0.0
unique,0.0
sports,0.0
smith,0.0
organizers,0.0
wildfire,0.0
rob,0.0
margaret,0.0
pitching,0.0
compete,0.0
playing,0.0
word,0.0
mouth,0.0
assist,0.0
uses,0.0
extensive,0.0
rick,0.0
reardon,0.0
geri,0.0
sheehan,0.0
mansfield,0.0
bleachers,0.0
chaisson,0.0
sprinkled,0.0
fly,0.0
smoke,0.0
ball,0.0
infield,0.0
fielder,0.0
glove,0.0
catch,0.0
cheers,0.0
applause,0.0
coaches,0.0
trot,0.0
bases,0.0
kelly,0.0
norwood,0.0
blowing,0.0
imaginary,0.0
tip,0.0
nchallenger,0.0
finger,0.0
challenger,0.0
players,0.0
adults,0.0
games,0.0
flag,0.0
cheerleading,0.0
basketball,0.0
soccer,0.0
participants,0.0
foxborough,0.0
stretching,0.0
easton,0.0
holliston,0.0
smiled,0.0
sandwich,0.0
blackstone,0.0
democrat,0.0
licenses,0.0
removes,0.0
issues,0.0
whenever,0.0
hearings,0.0
legislation,0.0
worcester,0.0
publicly,0.0
chandler,0.0
harriette,0.0
senator,0.0
everybody,0.0
scrutiny,0.0
advance,0.0
operators,0.0
operate,0.0
days,0.0
amen,0.0
details,0.0
basic,0.0
getting,0.0
months,0.0
pursuing,0.0
challenge,0.0
talking,0.0
members,0.0
darkness,0.0
cover,0.0
able,0.0
go,0.0
hospitals,0.0
testify,0.0
way,0.0
environment,0.0
difficult,0.0
transitioning,0.0
regret,0.0
situation,0.0
unfortunate,0.0
anybody,0.0
result,0.0
remaining,0.0
management,0.0
experience,0.0
reassessing,0.0
va,0.0
duffield,0.0
leased,0.0
sabra,0.0
officer,0.0
outcome,0.0
happen,0.0
caring,0.0
elders,0.0
dependent,0.0
medicaid,0.0
always,0.0
challenging,0.0
payments,0.0
short,0.0
costs,0.0
tune,0.0
hoping,0.0
authorize,0.0
since,0.0
lacked,0.0
expertise,0.0
responses,0.0
weeks,0.0
military,0.0
society,0.0
win,0.0
battle,0.0
abuse,0.0
neglect,0.0
vigilant,0.0
unless,0.0
corner,0.0
nfrom,0.0
crowded,0.0
profit,0.0
refuge,0.0
reliant,0.0
women,0.0
boomers,0.0
war,0.0
pinch,0.0
gives,0.0
system,0.0
kitchen,0.0
test,0.0
prestigious,0.0
cooking,0.0
ingredients,0.0
setting,0.0
en,0.0
salt,0.0
mise,0.0
preps,0.0
gates,0.0
matthew,0.0
water,0.0
drop,0.0
baby,0.0
clients,0.0
none,0.0
matter,0.0
patrick,0.0
deval,0.0
governor,0.0
end,0.0
mere,0.0
vital,0.0
inform,0.0
lucky,0.0
bothered,0.0
overseeing,0.0
supposed,0.0
going,0.0
handle,0.0
maybe,0.0
senioritis,0.0
figure,0.0
done,0.0
get,0.0
timely,0.0
reporter,0.0
platform,0.0
imagine,0.0
frustrating,0.0
must,0.0
anonymous,0.0
daughter,0.0
employee,0.0
wants,0.0
alarm,0.0
lousy,0.0
conditions,0.0
financial,0.0
yikes,0.0
impairment,0.0
employees,0.0
estate,0.0
real,0.0
california,0.0
american,0.0
griffin,0.0
march,0.0
concerns,0.0
trust,0.0
brushed,0.0
endangered,0.0
states,0.0
western,0.0
facilities,0.0
asserted,0.0
investment,0.0
owns,0.0
harm,0.0
filed,0.0
massive,0.0
corporations,0.0
upon,0.0
relied,0.0
generally,0.0
lawsuit,0.0
firm,0.0
booted,0.0
regarded,0.0
banecare,0.0
installed,0.0
things,0.0
realized,0.0
executives,0.0
deep,0.0
suggested,0.0
ran,0.0
buy,0.0
quit,0.0
staffers,0.0
longtime,0.0
milk,0.0
patients,0.0
basics,0.0
money,0.0
column,0.0
deliveries,0.0
food,0.0
phones,0.0
piled,0.0
bills,0.0
bunch,0.0
driven,0.0
medical,0.0
director,0.0
resigned,0.0
froze,0.0
admissions,0.0
time,0.0
executive,0.0
steve,0.0
laforte,0.0
cited,0.0
reimbursements,0.0
veterans,0.0
affairs,0.0
explanation,0.0
many,0.0
mails,0.0
profits,0.0
industries,0.0
care,0.0
health,0.0
economic,0.0
appeared,0.0
problem,0.0
hampshire,0.0
certification,0.0
licensing,0.0
manager,0.0
laurel,0.0
john,0.0
moving,0.0
unpaid,0.0
mostly,0.0
complaints,0.0
bedford,0.0
viability,0.0
quality,0.0
consistently,0.0
say,0.0
minneapolis,0.0
camden,0.0
rehabilitation,0.0
inspectors,0.0
immediate,0.0
jeopardy,0.0
court,0.0
whopping,0.0
violations,0.0
federal,0.0
regulations,0.0
cause,0.0
injury,0.0
center,0.0
mightily,0.0
vulnerable,0.0
better,0.0
cecile,0.0
mother,0.0
ninety,0.0
walker,0.0
polly,0.0
says,0.0
feels,0.0
struggling,0.0
everything,0.0
pushing,0.0
fast,0.0
thing,0.0
us,0.0
among,0.0
bane,0.0
seems,0.0
job,0.0
forthcoming,0.0
crew,0.0
richard,0.0
lifted,0.0
freeze,0.0
patient,0.0
professional,0.0
administrators,0.0
regaining,0.0
strength,0.0
woods,0.0
success,0.0
making,0.0
elsewhere,0.0
token,0.0
service,0.0
failed,0.0
country,0.0
bachelor,0.0
earn,0.0
longer,0.0
enter,0.0
decided,0.0
powerful,0.0
sacrifice,0.0
hopes,0.0
future,0.0
personal,0.0
focusing,0.0
selfish,0.0
feeling,0.0
cut,0.0
science,0.0
continue,0.0
sauro,0.0
language,0.0
jeanne,0.0
natick,0.0
present,0.0
level,0.0
intimate,0.0
connect,0.0
universal,0.0
writing,0.0
finds,0.0
mission,0.0
standing,0.0
avoid,0.0
allows,0.0
gig,0.0
knees,0.0
affecting,0.0
physical,0.0
interesting,0.0
art,0.0
avid,0.0
onetime,0.0
comes,0.0
dynamic,0.0
amazing,0.0
ways,0.0
declining,0.0
brainstorms,0.0
dishes,0.0
tastes,0.0
audience,0.0
intended,0.0
meal,0.0
creative,0.0
hold,0.0
joined,0.0
graduating,0.0
nin,0.0
following,0.0
father,0.0
grandfather,0.0
stepfather,0.0
forces,0.0
nafter,0.0
attended,0.0
course,0.0
advanced,0.0
operations,0.0
deployed,0.0
reenlisted,0.0
ficcardi,0.0
watching,0.0
wraps,0.0
roll,0.0
periodically,0.0
caters,0.0
quincy,0.0
grass,0.0
kind,0.0
quickly,0.0
hire,0.0
sessions,0.0
immediately,0.0
approved,0.0
provisionally,0.0
figures,0.0
com,0.0
monster,0.0
offers,0.0
although,0.0
television,0.0
group,0.0
kitchens,0.0
commercial,0.0
selling,0.0
entail,0.0
york,0.0
headquarters,0.0
reform,0.0
create,0.0
alliance,0.0
law,0.0
reiman,0.0
amanda,0.0
significant,0.0
statewide,0.0
website,0.0
jobs,0.0
already,0.0
students,0.0
office,0.0
classroom,0.0
nic,0.0
cannabis,0.0
institute,0.0
northeastern,0.0
became,0.0
ads,0.0
franklin,0.0
enroll,0.0
wait,0.0
plenty,0.0
promised,0.0
trade,0.0
prepares,0.0
positions,0.0
ranging,0.0
dispensary,0.0
workers,0.0
educators,0.0
expected,0.0
opening,0.0
dispensaries,0.0
graduated,0.0
enrolled,0.0
nkeith,0.0
saunders,0.0
sociology,0.0
professor,0.0
oversees,0.0
curriculum,0.0
improve,0.0
notes,0.0
detailed,0.0
post,0.0
education,0.0
program,0.0
employment,0.0
vocational,0.0
bill,0.0
gi,0.0
similar,0.0
disabilities,0.0
paying,0.0
nnow,0.0
seed,0.0
planted,0.0
love,0.0
knowing,0.0
connected,0.0
assists,0.0
instructions,0.0
receives,0.0
student,0.0
status,0.0
dependents,0.0
rank,0.0
allowance,0.0
monthly,0.0
divorced,0.0
tuition,0.0
semester,0.0
fifteen,0.0
total,0.0
average,0.0
supplies,0.0
fees,0.0
smelling,0.0
scratch,0.0
soups,0.0
campus,0.0
usa,0.0
submissions,0.0
publications,0.0
recipes,0.0
assessing,0.0
crafting,0.0
cia,0.0
bus,0.0
completing,0.0
native,0.0
littleton,0.0
army,0.0
tape,0.0
camouflage,0.0
today,0.0
ended,0.0
10th,0.0
mountain,0.0
division,0.0
fort,0.0
drum,0.0
sergeant,0.0
unmanned,0.0
aircraft,0.0
operator,0.0
sights,0.0
culinary,0.0
medically,0.0
retired,0.0
great,0.0
grandmother,0.0
zip,0.0
takes,0.0
loans,0.0
prides,0.0
associates,0.0
toward,0.0
enrolls,0.0
currently,0.0
branches,0.0
hosting,0.0
institution,0.0
roots,0.0
independent,0.0
connecticut,0.0
vets,0.0
ii,0.0
world,0.0
returning,0.0
degree,0.0
structure,0.0
parallels,0.0
shaven,0.0
chef,0.0
whites,0.0
sporting,0.0
casual,0.0
externship,0.0
publishing,0.0
tests,0.0
week,0.0
textbooks,0.0
consumer,0.0
cookbooks,0.0
follows,0.0
recipe,0.0
training,0.0
reports,0.0
additional,0.0
national,0.0
eighty,0.0
transitions,0.0
opportunities,0.0
number,0.0
nra,0.0
association,0.0
employs,0.0
afghanistan,0.0
industry,0.0
restaurant,0.0
buckle,0.0
almost,0.0
focus,0.0
freedom,0.0
civilian,0.0
life,0.0
annually,0.0
meaning,0.0
nof,0.0
hunting,0.0
decade,0.0
growing,0.0
benefits,0.0
play,0.0
role,0.0
participated,0.0
programs,0.0
nearly,0.0
due,0.0
drawdowns,0.0
iraq,0.0
pay,0.0
start,0.0
foods,0.0
november,0.0
park,0.0
hyde,0.0
behind,0.0
correctional,0.0
bridgewater,0.0
barrel,0.0
burning,0.0
facts,0.0
parts,0.0
last,0.0
dismembered,0.0
jackson,0.0
ray,0.0
dennis,0.0
particular,0.0
danger,0.0
enjoying,0.0
som,0.0
late,0.0
boardwalk,0.0
friends,0.0
summer,0.0
resident,0.0
needham,0.0
pralay,0.0
road,0.0
nonetheless,0.0
alarmed,0.0
added,0.0
patrols,0.0
extra,0.0
visiting,0.0
linked,0.0
mail,0.0
officials,0.0
half,0.0
thursday,0.0
looking,0.0
home,0.0
visited,0.0
officers,0.0
mile,0.0
lives,0.0
around,0.0
laughrea,0.0
jim,0.0
net,0.0
broad,0.0
cast,0.0
want,0.0
wanted,0.0
know,0.0
cameras,0.0
captured,0.0
anything,0.0
phone,0.0
interview,0.0
worked,0.0
collect,0.0
evidence,0.0
hear,0.0
anyone,0.0
may,0.0
noticed,0.0
vehicles,0.0
operating,0.0
erratically,0.0
saw,0.0
beautiful,0.0
according,0.0
hours,0.0
veteran,0.0
named,0.0
formally,0.0
martin,0.0
inaugurated,0.0
recently,0.0
fourteen,0.0
evans,0.0
homicides,0.0
first,0.0
fun,0.0
everyone,0.0
mean,0.0
crackhouses,0.0
william,0.0
department,0.0
summerlike,0.0
roslindale,0.0
margaretta,0.0
nine,0.0
outside,0.0
dispute,0.0
heated,0.0
stabbed,0.0
sections,0.0
commissioner,0.0
apart,0.0
miles,0.0
incidents,0.0
separate,0.0
occurred,0.0
killings,0.0
houses,0.0
drug,0.0
old,0.0
safe,0.0
sixty,0.0
kalweit,0.0
sharon,0.0
take,0.0
hard,0.0
news,0.0
nice,0.0
retiree,0.0
place,0.0
consider,0.0
learned,0.0
back,0.0
driving,0.0
weather,0.0
worried,0.0
young,0.0
granddaughters,0.0
awake,0.0
nightmares,0.0
parents,0.0
keep,0.0
tv,0.0
tonight,0.0
machonis,0.0
whose,0.0
family,0.0
owned,0.0
never,0.0
heard,0.0
like,0.0
occurring,0.0
pertinent,0.0
feel,0.0
tips,0.0
walking,0.0
attorney,0.0
islands,0.0
discovery,0.0
regarding,0.0
information,0.0
seeking,0.0
someone,0.0
keefe,0.0
monday,0.0
left,0.0
believed,0.0
victim,0.0
identifying,0.0
help,0.0
michael,0.0
press,0.0
call,0.0
wounds,0.0
methods,0.0
usual,0.0
resulted,0.0
could,0.0
torso,0.0
inflicted,0.0
homicide,0.0
conference,0.0
death,0.0
calling,0.0
complex,0.0
county,0.0
barnstable,0.0
afternoon,0.0
friday,0.0
asked,0.0
investigators,0.0
town,0.0
missing,0.0
legs,0.0
arms,0.0
head,0.0
beach,0.0
neck,0.0
dolly,0.0
puzzled,0.0
strapped,0.0
tarp,0.0
wrapped,0.0
wednesday,0.0
found,0.0
body,0.0
clad,0.0
blue,0.0
shirt,0.0
read,0.0
got,0.0
serviced,0.0
bore,0.0
name,0.0
rhode,0.0
island,0.0
company,0.0
nthe,0.0
gruesome,0.0
mystery,0.0
stunned,0.0
cape,0.0
cod,0.0
compromised,0.0
mutilation,0.0
affi,0.0
event,0.0
suspicious,0.0
report,0.0
respond,0.0
evening,0.0
went,0.0
police,0.0
recent,0.0
surgical,0.0
fairly,0.0
slaying,0.0
condition,0.0
based,0.0
abdomen,0.0
side,0.0
object,0.0
trash,0.0
bags,0.0
discovered,0.0
carefully,0.0
removing,0.0
wrapping,0.0
authorities,0.0
believe,0.0
killed,0.0
died,0.0
anywhere,0.0
england,0.0
even,0.0
farther,0.0
away,0.0
region,0.0
scar,0.0
inch,0.0
wearing,0.0
warwick,0.0
buildings,0.0
big,0.0
systems,0.0
suppression,0.0
fire,0.0
specializes,0.0
co,0.0
pounds,0.0
windustrial,0.0
cranston,0.0
bearing,0.0
pants,0.0
type,0.0
sweat,0.0
produced,0.0
six,0.0
eight,0.0
years,0.0
distributed,0.0
thousands,0.0
somebody,0.0
remember,0.0
little,0.0
urged,0.0
step,0.0
forward,0.0
recognized,0.0
knew,0.0
inches,0.0
tall,0.0
weighed,0.0
drive,0.0
spokesman,0.0
problems,0.0
violation,0.0
property,0.0
abandoned,0.0
investigating,0.0
leave,0.0
allowed,0.0
warning,0.0
given,0.0
magnum,0.0
loaded,0.0
frisked,0.0
contained,0.0
concerned,0.0
dirty,0.0
see,0.0
walnut,0.0
revolver,0.0
something,0.0
plate,0.0
appearing,0.0
nineteen,0.0
ortiz,0.0
angel,0.0
identified,0.0
looked,0.0
license,0.0
yard,0.0
lights,0.0
streets,0.0
norfolk,0.0
morton,0.0
stopping,0.0
incident,0.0
shoes,0.0
held,0.0
box,0.0
began,0.0
backpack,0.0
inside,0.0
charge,0.0
beat,0.0
told,0.0
breathing,0.0
bag,0.0
shoe,0.0
open,0.0
smelled,0.0
smoking,0.0
paisley,0.0
car,0.0
sitting,0.0
booking,0.0
seized,0.0
proceeds,0.0
twelve,0.0
career,0.0
criminal,0.0
gang,0.0
livery,0.0
wakullah,0.0
patrolling,0.0
increase,0.0
violent,0.0
talked,0.0
driver,0.0
passenger,0.0
lamar,0.0
tillery,0.0
hide,0.0
front,0.0
david,0.0
obstructing,0.0
videll,0.0
called,0.0
january,0.0
defenseless,0.0
frail,0.0
score,0.0
using,0.0
seattle,0.0
receiving,0.0
face,0.0
tire,0.0
stolen,0.0
determined,0.0
mugged,0.0
healthcare,0.0
outfit,0.0
seat,0.0
nshortly,0.0
flow,0.0
serious,0.0
ground,0.0
run,0.0
seemed,0.0
taking,0.0
facility,0.0
running,0.0
gem,0.0
sweet,0.0
including,0.0
massachusetts,0.0
homes,0.0
nursing,0.0
reportedly,0.0
shaking,0.0
muddy,0.0
removed,0.0
yeah,0.0
admitted,0.0
clothing,0.0
bulge,0.0
brandy,0.0
bottle,0.0
reported,0.0
stopped,0.0
move,0.0
waist,0.0
hands,0.0
put,0.0
cabrera,0.0
paul,0.0
possessing,0.0
alcoholic,0.0
beverages,0.0
age,0.0
issued,0.0
citation,0.0
illegal,0.0
trevis,0.0
catron,0.0
erick,0.0
rivera,0.0
motor,0.0
vehicle,0.0
seeing,0.0
crawling,0.0
underneath,0.0
brinsley,0.0
finding,0.0
charges,0.0
clare,0.0
exchange,0.0
scared,0.0
arguing,0.0
fighting,0.0
sounded,0.0
fatal,0.0
led,0.0
contact,0.0
later,0.0
canvassing,0.0
garden,0.0
highway,0.0
cummins,0.0
located,0.0
thoroughfare,0.0
else,0.0
friend,0.0
desean,0.0
pavement,0.0
baseball,0.0
league,0.0
coached,0.0
represent,0.0
sworn,0.0
lifelong,0.0
visible,0.0
covered,0.0
blood,0.0
patch,0.0
knives,0.0
parking,0.0
lying,0.0
sheet,0.0
main,0.0
stabbing,0.0
shooting,0.0
sustained,0.0
custody,0.0
hospital,0.0
local,0.0
scuffle,0.0
injuries,0.0
minor,0.0
suspect,0.0
indication,0.0
assailant,0.0
confrontation,0.0
scene,0.0
dead,0.0
pronounced,0.0
estrada,0.0
second,0.0
killing,0.0
took,0.0
rowe,0.0
eleven,0.0
superintendent,0.0
chief,0.0
gross,0.0
promoted,0.0
earlier,0.0
day,0.0
unidentified,0.0
shot,0.0
times,0.0
street,0.0
yet,0.0
description,0.0
field,0.0
teenage,0.0
sons,0.0
robbery,0.0
teen,0.0
allegations,0.0
weapon,0.0
dangerous,0.0
battery,0.0
assault,0.0
armed,0.0
school,0.0
juvenile,0.0
charged,0.0
nhe,0.0
gunpoint,0.0
classmate,0.0
robbed,0.0
eat,0.0
pulled,0.0
gun,0.0
demanded,0.0
youth,0.0
belongings,0.0
hit,0.0
refused,0.0
searched,0.0
teenager,0.0
capacity,0.0
magazine,0.0
containing,0.0
numerous,0.0
rounds,0.0
dequell,0.0
golson,0.0
allegedly,0.0
madison,0.0
younger,0.0
happened,0.0
eve,0.0
allston,0.0
thirteen,0.0
comment,0.0
reached,0.0
crime,0.0
exactly,0.0
sixteen,0.0
find,0.0
hardest,0.0
work,0.0
grasp,0.0
firmly,0.0
tragic,0.0
party,0.0
early,0.0
jan,0.0
arrested,0.0
men,0.0
recovered,0.0
guns,0.0
ammunition,0.0
heroin,0.0
marijuana,0.0
large,0.0
amount,0.0
cash,0.0
dozen,0.0
instances,0.0
saturday,0.0
documents,0.0
laced,0.0
manufacturers,0.0
class,0.0
tell,0.0
purchasing,0.0
randolph,0.0
johnson,0.0
chris,0.0
elated,0.0
saved,0.0
braintree,0.0
air,0.0
plaza,0.0
forever,0.0
buying,0.0
joseph,0.0
saida,0.0
tomorrow,0.0
pairs,0.0
jordan,0.0
boats,0.0
hopefully,0.0
cars,0.0
apply,0.0
less,0.0
totaling,0.0
purchases,0.0
lifts,0.0
economy,0.0
mall,0.0
saving,0.0
sears,0.0
washing,0.0
malone,0.0
sandra,0.0
brian,0.0
probably,0.0
clothes,0.0
sneakers,0.0
fireworks,0.0
sales,0.0
cashing,0.0
spree,0.0
shopping,0.0
tax,0.0
consumers,0.0
pops,0.0
cleats,0.0
tent,0.0
gathered,0.0
across,0.0
gathering,0.0
surveillance,0.0
investigation,0.0
discounts,0.0
laptop,0.0
computers,0.0
refrigerators,0.0
paddleboards,0.0
kayaks,0.0
falling,0.0
weekend,0.0
coincided,0.0
traditional,0.0
packed,0.0
aisles,0.0
retailers,0.0
throughout,0.0
greater,0.0
backpacks,0.0
athletic,0.0
gasoline,0.0
meals,0.0
haverhill,0.0
busy,0.0
filling,0.0
danvers,0.0
tree,0.0
liberty,0.0
general,0.0
balest,0.0
morning,0.0
peabody,0.0
sunny,0.0
customers,0.0
lure,0.0
helped,0.0
macy,0.0
extended,0.0
northshore,0.0
activity,0.0
tobacco,0.0
welcomed,0.0
cycle,0.0
riverside,0.0
reinke,0.0
helps,0.0
border,0.0
communities,0.0
particularly,0.0
stores,0.0
busiest,0.0
aspect,0.0
burlington,0.0
connell,0.0
mike,0.0
apple,0.0
largest,0.0
malls,0.0
simon,0.0
holiday,0.0
annual,0.0
hurst,0.0
jon,0.0
august,0.0
topping,0.0
season,0.0
crucial,0.0
savings,0.0
rival,0.0
boost,0.0
enacted,0.0
nsince,0.0
products,0.0
certain,0.0
appliances,0.0
furniture,0.0
mattresses,0.0
ticket,0.0
sellers,0.0
customer,0.0
bought,0.0
whole,0.0
refrigerator,0.0
dishwasher,0.0
stove,0.0
microwave,0.0
peter,0.0
pappas,0.0
harrison,0.0
refrigeration,0.0
supply,0.0
apparently,0.0
bizarre,0.0
possible,0.0
shameful,0.0
matt,0.0
naming,0.0
republican,0.0
wackos,0.0
wing,0.0
compared,0.0
contribution,0.0
rep,0.0
commonwealth,0.0
dough,0.0
legislature,0.0
baker,0.0
charlie,0.0
arm,0.0
beaton,0.0
shrewsbury,0.0
afield,0.0
decent,0.0
sky,0.0
lieutenant,0.0
eighteen,0.0
person,0.0
competent,0.0
highly,0.0
polito,0.0
cabinet,0.0
karyn,0.0
respect,0.0
presence,0.0
gop,0.0
reduced,0.0
elect,0.0
caret,0.0
bob,0.0
speaking,0.0
hill,0.0
final,0.0
free,0.0
scandal,0.0
convinced,0.0
voted,0.0
lady,0.0
andino,0.0
oh,0.0
walked,0.0
avenue,0.0
atwells,0.0
hilton,0.0
conceded,0.0
copy,0.0
term,0.0
steal,0.0
anymore,0.0
conclusion,0.0
hell,0.0
small,0.0
door,0.0
listen,0.0
kars4kids,0.0
jingle,0.0
eternity,0.0
cosby,0.0
doctorate,0.0
umass,0.0
amherst,0.0
featured,0.0
ubiquitous,0.0
russian,0.0
journalists,0.0
show,0.0
troopers,0.0
deadpanned,0.0
witnesses,0.0
credible,0.0
command,0.0
stevie,0.0
brother,0.0
foursome,0.0
casually,0.0
fourth,0.0
eyebrow,0.0
raising,0.0
wright,0.0
george,0.0
hole,0.0
male,0.0
weighing,0.0
released,0.0
pictures,0.0
clues,0.0
cooperative,0.0
handed,0.0
batch,0.0
matching,0.0
responded,0.0
careful,0.0
removal,0.0
included,0.0
sweatpant,0.0
trying,0.0
locate,0.0
primary,0.0
mentioned,0.0
grew,0.0
tsarnaev,0.0
traveling,0.0
government,0.0
secret,0.0
nuts,0.0
theory,0.0
conspiracy,0.0
circus,0.0
inevitable,0.0
elevator,0.0
portion,0.0
videotaped,0.0
illegally,0.0
quite,0.0
secretly,0.0
trial,0.0
framed,0.0
brothers,0.0
moakley,0.0
courthouse,0.0
duration,0.0
courtroom,0.0
bruce,0.0
bolling,0.0
tye,0.0
makes,0.0
kip,0.0
tiernan,0.0
frank,0.0
matthews,0.0
colonel,0.0
detectives,0.0
bumped,0.0
shops,0.0
newburyport,0.0
cianci,0.0
arraigned,0.0
returned,0.0
listed,0.0
numbers,0.0
doctor,0.0
alcohol,0.0
offense,0.0
brigham,0.0
record,0.0
injured,0.0
crashed,0.0
spun,0.0
yellow,0.0
crossed,0.0
njeffrey,0.0
suspension,0.0
available,0.0
parked,0.0
multiple,0.0
disbelief,0.0
pointed,0.0
mutilated,0.0
stupidity,0.0
suffer,0.0
gone,0.0
horrified,0.0
wake,0.0
adored,0.0
facebook,0.0
non,0.0
elaine,0.0
patricia,0.0
awful,0.0
gold,0.0
nicest,0.0
grover,0.0
parkway,0.0
identity,0.0
female,0.0
overturned,0.0
accord,0.0
honda,0.0
control,0.0
enneking,0.0
lillian,0.0
speeding,0.0
mason,0.0
jeffrey,0.0
shortly,0.0
wellfleet,0.0
accidents,0.0
withheld,0.0
notified,0.0
incuding,0.0
influence,0.0
subaru,0.0
route,0.0
collided,0.0
audi,0.0
heading,0.0
drivers,0.0
walpole,0.0
drunk,0.0
riding,0.0
leaving,0.0
angry,0.0
michelle,0.0
nicholson,0.0
sat,0.0
decker,0.0
hate,0.0
immigrants,0.0
brokaw,0.0
talk,0.0
brady,0.0
dress,0.0
look,0.0
judge,0.0
vote,0.0
actually,0.0
misleading,0.0
stat,0.0
tenure,0.0
tribute,0.0
noted,0.0
marty,0.0
power,0.0
cared,0.0
shook,0.0
pasta,0.0
song,0.0
sang,0.0
grade,0.0
fifth,0.0
order,0.0
turned,0.0
ordered,0.0
suits,0.0
burger,0.0
grille,0.0
angela,0.0
dawn,0.0
waitress,0.0
favorite,0.0
successor,0.0
statistic,0.0
nowhere,0.0
single,0.0
afloat,0.0
aide,0.0
teens,0.0
infant,0.0
adopted,0.0
niece,0.0
dedicated,0.0
met,0.0
shame,0.0
mccabe,0.0
james,0.0
landlord,0.0
sad,0.0
repeated,0.0
shy,0.0
funny,0.0
invited,0.0
stay,0.0
lived,0.0
born,0.0
hesitate,0.0
twice,0.0
guy,0.0
nbut,0.0
tribal,0.0
parochial,0.0
ridiculously,0.0
territorial,0.0
parishes,0.0
readville,0.0
spread,0.0
ntwo,0.0
bit,0.0
difference,0.0
mask,0.0
couch,0.0
propping,0.0
airport,0.0
feverish,0.0
dehoux,0.0
kettly,0.0
gloves,0.0
check,0.0
everywhere,0.0
sneezing,0.0
coughing,0.0
donuts,0.0
dunkin,0.0
fisher,0.0
sneaking,0.0
everett,0.0
meet,0.0
choose,0.0
give,0.0
required,0.0
ncompanies,0.0
starting,0.0
accruing,0.0
temporary,0.0
measure,0.0
contract,0.0
ballot,0.0
earned,0.0
passage,0.0
human,0.0
airlines,0.0
agent,0.0
barbara,0.0
borrowing,0.0
attendant,0.0
models,0.0
yep,0.0
impetus,0.0
demand,0.0
noting,0.0
deals,0.0
arrive,0.0
clearance,0.0
son,0.0
advantage,0.0
clamoring,0.0
cyclists,0.0
bikes,0.0
competitors,0.0
losing,0.0
let,0.0
joel,0.0
thomas,0.0
craft,0.0
rowley,0.0
sold,0.0
paddleboard,0.0
kayak,0.0
lost,0.0
round,0.0
farce,0.0
nobody,0.0
pike,0.0
buys,0.0
taxable,0.0
computer,0.0
rosario,0.0
fewer,0.0
offer,0.0
require,0.0
hiring,0.0
requiring,0.0
supports,0.0
federation,0.0
vernon,0.0
burdens,0.0
warn,0.0
expense,0.0
nationwide,0.0
decline,0.0
drastically,0.0
declined,0.0
growth,0.0
hurt,0.0
highest,0.0
companies,0.0
contacted,0.0
impact,0.0
requirement,0.0
calls,0.0
strict,0.0
restrict,0.0
reportable,0.0
associated,0.0
symptoms,0.0
franchisees,0.0
analyze,0.0
relieved,0.0
penalized,0.0
vary,0.0
scrambling,0.0
ends,0.0
soon,0.0
workforce,0.0
employers,0.0
impacts,0.0
bravo,0.0
ellen,0.0
parent,0.0
elderly,0.0
bathes,0.0
drives,0.0
realizing,0.0
sector,0.0
triple,0.0
brought,0.0
movement,0.0
mandates,0.0
measures,0.0
cities,0.0
values,0.0
milwaukee,0.0
advocats,0.0
minimum,0.0
wage,0.0
earner,0.0
sub,0.0
docking,0.0
wider,0.0
midterm,0.0
elections,0.0
voters,0.0
passed,0.0
raises,0.0
initiatives,0.0
eureka,0.0
neven,0.0
providence,0.0
buddy,0.0
providing,0.0
goodbye,0.0
message,0.0
important,0.0
deliver,0.0
known,0.0
wagging,0.0
tongues,0.0
prayers,0.0
sixth,0.0
learning,0.0
mass,0.0
catholic,0.0
tickled,0.0
parting,0.0
ribbing,0.0
messenger,0.0
blip,0.0
profile,0.0
church,0.0
liked,0.0
scenes,0.0
prefers,0.0
match,0.0
perfect,0.0
seen,0.0
precious,0.0
lasted,0.0
pulpit,0.0
graduate,0.0
politician,0.0
pairing,0.0
unlikely,0.0
stretched,0.0
memorial,0.0
laughter,0.0
blurted,0.0
impressed,0.0
recoveries,0.0
surgeries,0.0
brain,0.0
undergoing,0.0
used,0.0
instructors,0.0
epstein,0.0
stool,0.0
daniel,0.0
yes,0.0
easy,0.0
teach,0.0
glaucoma,0.0
diseases,0.0
works,0.0
thought,0.0
far,0.0
every,0.0
waiting,0.0
dream,0.0
fade,0.0
jewish,0.0
joke,0.0
tom,0.0
menino,0.0
eulogy,0.0
mitch,0.0
weiss,0.0
moments,0.0
speak,0.0
kid,0.0
kept,0.0
likes,0.0
folks,0.0
major,0.0
minute,0.0
flowing,0.0
tears,0.0
iphone,0.0
visits,0.0
speeches,0.0
wrote,0.0
tripe,0.0
speech,0.0
boss,0.0
music,0.0
bring,0.0
requested,0.0
besides,0.0
offered,0.0
team,0.0
recount,0.0
continued,0.0
cry,0.0
remarks,0.0
tracked,0.0
strangers,0.0
loved,0.0
accounts,0.0
u2009,0.0
machine,0.0
cream,0.0
ice,0.0
hannah,0.0
pester,0.0
heart,0.0
beating,0.0
oct,0.0
recounted,0.0
entrepreneurship,0.0
deprived,0.0
ferociously,0.0
rumor,0.0
funeral,0.0
words,0.0
saying,0.0
clinton,0.0
whether,0.0
headed,0.0
intriguing,0.0
grandchildren,0.0
mistakenly,0.0
passing,0.0
describing,0.0
newscast,0.0
bouncing,0.0
catholics,0.0
sticklers,0.0
prefer,0.0
wondered,0.0
availability,0.0
formalized,0.0
whirl,0.0
arrangements,0.0
president,0.0
faneuil,0.0
laying,0.0
respects,0.0
brings,0.0
beginning,0.0
staffer,0.0
honor,0.0
treat,0.0
migraines,0.0
nausea,0.0
backgrounds,0.0
grown,0.0
nficcardi,0.0
owners,0.0
mechanics,0.0
chefs,0.0
include,0.0
variety,0.0
difficulty,0.0
60s,0.0
20s,0.0
range,0.0
typically,0.0
cost,0.0
overall,0.0
children,0.0
giving,0.0
chronic,0.0
counsel,0.0
shore,0.0
north,0.0
associate,0.0
track,0.0
chalmers,0.0
meaghan,0.0
educate,0.0
try,0.0
goal,0.0
asleep,0.0
pain,0.0
manage,0.0
smokes,0.0
cancer,0.0
percent,0.0
seventy,0.0
least,0.0
involved,0.0
legislators,0.0
medicine,0.0
producers,0.0
maine,0.0
colorado,0.0
discussions,0.0
businesses,0.0
scoring,0.0
ancillary,0.0
brands,0.0
promoting,0.0
firms,0.0
marketing,0.0
packaging,0.0
specialists,0.0
applied,0.0
occupational,0.0
nto,0.0
receive,0.0
certificate,0.0
complete,0.0
hour,0.0
courses,0.0
covers,0.0
overview,0.0
laws,0.0
cultivation,0.0
strictly,0.0
academic,0.0
pass,0.0
exam,0.0
college,0.0
spring,0.0
plans,0.0
canceled,0.0
developed,0.0
faculty,0.0
recruited,0.0
insanity,0.0
groups,0.0
forced,0.0
account,0.0
landlords,0.0
bank,0.0
double,0.0
rates,0.0
insurance,0.0
specializing,0.0
rent,0.0
taught,0.0
university,0.0
lowell,0.0
downing,0.0
owner,0.0
activist,0.0
teaches,0.0
classes,0.0
history,0.0
uma,0.0
dhanabalan,0.0
fellow,0.0
academy,0.0
physicians,0.0
holds,0.0
harvard,0.0
relieve,0.0
reluctant,0.0
calif,0.0
follow,0.0
started,0.0
nights,0.0
movie,0.0
lounge,0.0
colleges,0.0
schools,0.0
amenities,0.0
happy,0.0
oakland,0.0
weed,0.0
enrolling,0.0
reaction,0.0
recalled,0.0
degrees,0.0
master,0.0
store,0.0
sells,0.0
shirts,0.0
sweatshirts,0.0
emblazoned,0.0
logo,0.0
vaporizers,0.0
glass,0.0
pipes,0.0
mickey,0.0
advocate,0.0
founded,0.0
host,0.0
fair,0.0
launching,0.0
posed,0.0
challenges,0.0
referring,0.0
wonder,0.0
phyl,0.0
room,0.0
third,0.0
healing,0.0
onto,0.0
rained,0.0
watch,0.0
gather,0.0
threw,0.0
return,0.0
sunday,0.0
meanwhile,0.0
risk,0.0
resolution,0.0
motion,0.0
install,0.0
escalated,0.0
explain,0.0
interviewed,0.0
secure,0.0
social,0.0
tragedy,0.0
prior,0.0
replacement,0.0
specifications,0.0
common,0.0
means,0.0
efforts,0.0
dmh,0.0
chinappi,0.0
anna,0.0
spokeswoman,0.0
asking,0.0
sent,0.0
demonstrate,0.0
bids,0.0
ask,0.0
psychiatrist,0.0
white,0.0
louise,0.0
mary,0.0
lexan,0.0
material,0.0
shatterproof,0.0
anger,0.0
indicated,0.0
extreme,0.0
episodes,0.0
moment,0.0
predictable,0.0
referred,0.0
severe,0.0
unclear,0.0
joint,0.0
commission,0.0
accrediting,0.0
evaluated,0.0
alec,0.0
loftus,0.0
complied,0.0
guidelines,0.0
standards,0.0
findings,0.0
accredited,0.0
managers,0.0
obtain,0.0
estimates,0.0
meeting,0.0
finance,0.0
worker,0.0
jumped,0.0
tapping,0.0
miserable,0.0
compelling,0.0
malley,0.0
sean,0.0
cardinal,0.0
donnell,0.0
norah,0.0
mind,0.0
question,0.0
recess,0.0
notebooks,0.0
emptying,0.0
nâ€¢,0.0
worse,0.0
trauma,0.0
stuff,0.0
resign,0.0
assessed,0.0
rome,0.0
bernie,0.0
bright,0.0
politics,0.0
commercials,0.0
miss,0.0
nboy,0.0
sinecure,0.0
shuffling,0.0
rewarded,0.0
vatican,0.0
appropriate,0.0
cards,0.0
deck,0.0
predators,0.0
prevented,0.0
suffering,0.0
invested,0.0
remains,0.0
bostonians,0.0
poor,0.0
burial,0.0
paid,0.0
estranged,0.0
bleak,0.0
leadership,0.0
fired,0.0
communication,0.0
submitted,0.0
correction,0.0
screens,0.0
protective,0.0
break,0.0
nfairview,0.0
cemetery,0.0
grave,0.0
hand,0.0
drawn,0.0
slab,0.0
concrete,0.0
upset,0.0
caregivers,0.0
agreed,0.0
metal,0.0
plaque,0.0
loving,0.0
memory,0.0
deciding,0.0
commemorate,0.0
afraid,0.0
locked,0.0
transferred,0.0
eventually,0.0
christmas,0.0
fuller,0.0
carter,0.0
solomon,0.0
dr,0.0
eighth,0.0
smashed,0.0
gave,0.0
critical,0.0
fix,0.0
mental,0.0
window,0.0
chair,0.0
hurling,0.0
obvious,0.0
funds,0.0
delay,0.0
prison,0.0
paranoid,0.0
stories,0.0
smaller,0.0
roof,0.0
landed,0.0
institutionalized,0.0
delusions,0.0
suffered,0.0
investigated,0.0
long,0.0
dec,0.0
puchalow,0.0
andrew,0.0
suicide,0.0
apparent,0.0
schizophrenia,0.0
hazard,0.0
plastic,0.0
definitely,0.0
novel,0.0
solve,0.0
entrepreneurs,0.0
together,0.0
pioneer,0.0
thinking,0.0
angling,0.0
safer,0.0
campaign,0.0
leaders,0.0
generation,0.0
baton,0.0
handing,0.0
statement,0.0
pop,0.0
supplements,0.0
sick,0.0
telling,0.0
sleeping,0.0
wife,0.0
nudged,0.0
straight,0.0
flowers,0.0
psychiatric,0.0
repeatedly,0.0
pressed,0.0
superiors,0.0
replace,0.0
dozens,0.0
breakable,0.0
windows,0.0
south,0.0
centers,0.0
medicare,0.0
slightly,0.0
emphasis,0.0
leary,0.0
squeezing,0.0
squeeze,0.0
rising,0.0
enough,0.0
inpatient,0.0
agency,0.0
includes,0.0
budget,0.0
completed,0.0
scheduled,0.0
repairing,0.0
spent,0.0
treatment,0.0
settings,0.0
suicides,0.0
uncommon,0.0
despite,0.0
intensity,0.0
illnesses,0.0
attempted,0.0
committed,0.0
licensed,0.0
december,0.0
npuchalow,0.0
diagnosed,0.0
assaultive,0.0
behavior,0.0
medium,0.0
security,0.0
written,0.0
june,0.0
services,0.0
request,0.0
remained,0.0
panes,0.0
explaining,0.0
july,0.0
deputy,0.0
memo,0.0
records,0.0
smashing,0.0
globe,0.0
obtained,0.0
rooms,0.0
discussed,0.0
committee,0.0
provide,0.0
advocates,0.0
mentally,0.0
ill,0.0
holdup,0.0
underfunding,0.0
bottom,0.0
rung,0.0
ladder,0.0
stephen,0.0
rosenfeld,0.0
board,0.0
chapter,0.0
illness,0.0
runs,0.0
answer,0.0
questions,0.0
reasons,0.0
distraught,0.0
